test_id,relation,type,tvd,p_value,chi2_stat,tvd_violation,chi_violation,violation,expected_violation
1,identity,valid,0.0,1.0,0.0,False,False,False,False
1,barrier,valid,0.0,1.0,0.0,False,False,False,False
1,commute,valid,0.0,1.0,0.0,False,False,False,False
1,fault_add_x,fault,1.0,0.0,39996.0001,True,True,True,True
1,fault_remove_random,fault,1.0,0.0,39996.0001,True,True,True,True
1,fault_change_target_qubit,fault,0.0,1.0,0.0,False,False,False,True
2,identity,valid,0.0016,0.7566,0.0961,False,False,False,False
2,barrier,valid,0.0036,0.4777,0.5041,False,False,False,False
2,commute,valid,0.002,0.6892,0.16,False,False,False,False
2,fault_add_x,fault,1.0,0.0,40000.0,True,True,True,True
2,fault_remove_random,fault,0.0024,0.6312,0.2304,False,False,False,True
2,fault_change_target_qubit,fault,0.0029,0.5755,0.3136,False,False,False,True
3,identity,valid,0.0,1.0,0.0,False,False,False,False
3,barrier,valid,0.0,1.0,0.0,False,False,False,False
3,commute,valid,0.0,1.0,0.0,False,False,False,False
3,fault_add_x,fault,1.0,0.0,39996.0001,True,True,True,True
3,fault_remove_random,fault,1.0,0.0,39996.0001,True,True,True,True
3,fault_change_target_qubit,fault,1.0,0.0,39996.0001,True,True,True,True
4,identity,valid,0.0032,0.5353,0.3844,False,False,False,False
4,barrier,valid,0.0022,0.6672,0.1849,False,False,False,False
4,commute,valid,0.0007,0.9045,0.0144,False,False,False,False
4,fault_add_x,fault,1.0,0.0,40000.0,True,True,True,True
4,fault_remove_random,fault,0.4993,0.0,13307.5669,True,True,True,True
4,fault_change_target_qubit,fault,0.4994,0.0,19902.2579,True,True,True,True
5,identity,valid,0.0085,0.3446,3.3221,False,False,False,False
5,barrier,valid,0.0082,0.2572,4.0399,False,False,False,False
5,commute,valid,0.0064,0.4852,2.4459,False,False,False,False
5,fault_add_x,fault,1.0,0.0,40000.0,True,True,True,True
5,fault_remove_random,fault,1.0,0.0,40000.0,True,True,True,True
5,fault_change_target_qubit,fault,1.0,0.0,40000.0,True,True,True,True
6,identity,valid,0.0,1.0,0.0,False,False,False,False
6,barrier,valid,0.0,1.0,0.0,False,False,False,False
6,commute,valid,0.0,1.0,0.0,False,False,False,False
6,fault_add_x,fault,1.0,0.0,39996.0001,True,True,True,True
6,fault_remove_random,fault,0.5018,0.0,13394.7405,True,True,True,True
6,fault_change_target_qubit,fault,0.0,1.0,0.0,False,False,False,True
7,identity,valid,0.0029,0.5687,0.3249,False,False,False,False
7,barrier,valid,0.0035,0.4965,0.4624,False,False,False,False
7,commute,valid,0.0032,0.5353,0.3844,False,False,False,False
7,fault_add_x,fault,1.0,0.0,40000.0,True,True,True,True
7,fault_remove_random,fault,1.0,0.0,40000.0,True,True,True,True
7,fault_change_target_qubit,fault,0.0032,0.5287,0.3969,False,False,False,True
8,identity,valid,0.0025,0.6171,0.25,False,False,False,False
8,barrier,valid,0.0061,0.2263,1.4641,False,False,False,False
8,commute,valid,0.0025,0.6241,0.2401,False,False,False,False
8,fault_add_x,fault,1.0,0.0,40000.0,True,True,True,True
8,fault_remove_random,fault,1.0,0.0,40000.0,True,True,True,True
8,fault_change_target_qubit,fault,0.0025,0.6171,0.25,False,False,False,True
9,identity,valid,0.0006,0.9124,0.0121,False,False,False,False
9,barrier,valid,0.0041,0.4179,0.6561,False,False,False,False
9,commute,valid,0.0038,0.4532,0.5625,False,False,False,False
9,fault_add_x,fault,1.0,0.0,40000.0,True,True,True,True
9,fault_remove_random,fault,0.0048,0.3371,0.9216,False,False,False,True
9,fault_change_target_qubit,fault,0.0041,0.4122,0.6724,False,False,False,True
10,identity,valid,0.0054,0.2891,1.1236,False,False,False,False
10,barrier,valid,0.0056,0.2713,1.21,False,False,False,False
10,commute,valid,0.0047,0.3524,0.8649,False,False,False,False
10,fault_add_x,fault,1.0,0.0,40000.0,True,True,True,True
10,fault_remove_random,fault,0.5007,0.0,13358.6921,True,True,True,True
10,fault_change_target_qubit,fault,0.7499,0.0,23992.8972,True,True,True,True
11,identity,valid,0.0,1.0,0.0,False,False,False,False
11,barrier,valid,0.0,1.0,0.0,False,False,False,False
11,commute,valid,0.0,1.0,0.0,False,False,False,False
11,fault_add_x,fault,1.0,0.0,39996.0001,True,True,True,True
11,fault_remove_random,fault,1.0,0.0,39996.0001,True,True,True,True
11,fault_change_target_qubit,fault,1.0,0.0,39996.0001,True,True,True,True
12,identity,valid,0.0001,0.992,0.0001,False,False,False,False
12,barrier,valid,0.0021,0.6818,0.1681,False,False,False,False
12,commute,valid,0.0008,0.8887,0.0196,False,False,False,False
12,fault_add_x,fault,1.0,0.0,40000.0,True,True,True,True
12,fault_remove_random,fault,0.499,0.0,19947.0084,True,True,True,True
12,fault_change_target_qubit,fault,0.0014,0.7795,0.0784,False,False,False,True
13,identity,valid,0.0054,0.2801,1.1664,False,False,False,False
13,barrier,valid,0.0037,0.4593,0.5476,False,False,False,False
13,commute,valid,0.0003,0.9601,0.0025,False,False,False,False
13,fault_add_x,fault,1.0,0.0,40000.0,True,True,True,True
13,fault_remove_random,fault,0.5005,0.0,13348.4496,True,True,True,True
13,fault_change_target_qubit,fault,0.0013,0.8103,0.0576,False,False,False,True
14,identity,valid,0.0022,0.6745,0.1764,False,False,False,False
14,barrier,valid,0.0035,0.4902,0.4761,False,False,False,False
14,commute,valid,0.0064,0.2077,1.5876,False,False,False,False
14,fault_add_x,fault,1.0,0.0,40000.0,True,True,True,True
14,fault_remove_random,fault,0.0049,0.3371,0.9216,False,False,False,True
14,fault_change_target_qubit,fault,1.0,0.0,40000.0,True,True,True,True
15,identity,valid,0.0075,0.1389,2.1905,False,False,False,False
15,barrier,valid,0.0038,0.4593,0.5476,False,False,False,False
15,commute,valid,0.0024,0.6384,0.2209,False,False,False,False
15,fault_add_x,fault,0.0,1.0,0.0,False,False,False,True
15,fault_remove_random,fault,1.0,0.0,40000.0,True,True,True,True
15,fault_change_target_qubit,fault,1.0,0.0,40000.0,True,True,True,True
16,identity,valid,0.0054,0.2846,1.1451,False,False,False,False
16,barrier,valid,0.0164,0.0011,10.693,False,True,True,False
16,commute,valid,0.0121,0.0164,5.7603,False,False,False,False
16,fault_add_x,fault,1.0,0.0,40000.0,True,True,True,True
16,fault_remove_random,fault,0.4904,0.0,12991.5211,True,True,True,True
16,fault_change_target_qubit,fault,0.4984,0.0,19777.2658,True,True,True,True
17,identity,valid,0.006,0.6026,1.8572,False,False,False,False
17,barrier,valid,0.0088,0.3264,3.4567,False,False,False,False
17,commute,valid,0.0077,0.4549,2.6147,False,False,False,False
17,fault_add_x,fault,1.0,0.0,40000.0,True,True,True,True
17,fault_remove_random,fault,0.5008,0.0,13361.142,True,True,True,True
17,fault_change_target_qubit,fault,0.0025,0.962,0.2896,False,False,False,True
18,identity,valid,0.0034,0.4965,0.4624,False,False,False,False
18,barrier,valid,0.0003,0.9601,0.0025,False,False,False,False
18,commute,valid,0.004,0.4354,0.6084,False,False,False,False
18,fault_add_x,fault,1.0,0.0,40000.0,True,True,True,True
18,fault_remove_random,fault,1.0,0.0,40000.0,True,True,True,True
18,fault_change_target_qubit,fault,0.0023,0.6527,0.2025,False,False,False,True
19,identity,valid,0.0,1.0,0.0,False,False,False,False
19,barrier,valid,0.0,1.0,0.0,False,False,False,False
19,commute,valid,0.0,1.0,0.0,False,False,False,False
19,fault_add_x,fault,1.0,0.0,39996.0001,True,True,True,True
19,fault_remove_random,fault,1.0,0.0,39996.0001,True,True,True,True
19,fault_change_target_qubit,fault,1.0,0.0,39996.0001,True,True,True,True
20,identity,valid,0.0,1.0,0.0,False,False,False,False
20,barrier,valid,0.0045,0.3681,0.81,False,False,False,False
20,commute,valid,0.0008,0.8808,0.0225,False,False,False,False
20,fault_add_x,fault,1.0,0.0,40000.0,True,True,True,True
20,fault_remove_random,fault,0.0002,0.9681,0.0016,False,False,False,True
20,fault_change_target_qubit,fault,1.0,0.0,40000.0,True,True,True,True
21,identity,valid,0.0006,0.9124,0.0121,False,False,False,False
21,barrier,valid,0.0006,0.9045,0.0144,False,False,False,False
21,commute,valid,0.003,0.5485,0.36,False,False,False,False
21,fault_add_x,fault,1.0,0.0,40000.0,True,True,True,True
21,fault_remove_random,fault,0.4982,0.0,13268.5202,True,True,True,True
21,fault_change_target_qubit,fault,0.0011,0.8415,0.04,False,False,False,True
22,identity,valid,0.0014,0.7949,0.0676,False,False,False,False
22,barrier,valid,0.0017,0.7414,0.1089,False,False,False,False
22,commute,valid,0.004,0.4237,0.6401,False,False,False,False
22,fault_add_x,fault,1.0,0.0,40000.0,True,True,True,True
22,fault_remove_random,fault,0.4973,0.0,13236.6154,True,True,True,True
22,fault_change_target_qubit,fault,0.5013,0.0,19974.3196,True,True,True,True
23,identity,valid,0.0029,0.5687,0.3249,False,False,False,False
23,barrier,valid,0.005,0.3271,0.9604,False,False,False,False
23,commute,valid,0.005,0.3271,0.9604,False,False,False,False
23,fault_add_x,fault,1.0,0.0,40000.0,True,True,True,True
23,fault_remove_random,fault,1.0,0.0,40000.0,True,True,True,True
23,fault_change_target_qubit,fault,0.0013,0.8103,0.0576,False,False,False,True
24,identity,valid,0.0,1.0,0.0,False,False,False,False
24,barrier,valid,0.0,1.0,0.0,False,False,False,False
24,commute,valid,0.0,1.0,0.0,False,False,False,False
24,fault_add_x,fault,1.0,0.0,39996.0001,True,True,True,True
24,fault_remove_random,fault,1.0,0.0,39996.0001,True,True,True,True
24,fault_change_target_qubit,fault,1.0,0.0,39996.0001,True,True,True,True
25,identity,valid,0.0,1.0,0.0,False,False,False,False
25,barrier,valid,0.0,1.0,0.0,False,False,False,False
25,commute,valid,0.0,1.0,0.0,False,False,False,False
25,fault_add_x,fault,1.0,0.0,39996.0001,True,True,True,True
25,fault_remove_random,fault,0.0,1.0,0.0,False,False,False,True
25,fault_change_target_qubit,fault,0.0,1.0,0.0,False,False,False,True
26,identity,valid,0.0111,0.0264,4.9284,False,False,False,False
26,barrier,valid,0.0121,0.0155,5.8565,False,False,False,False
26,commute,valid,0.0074,0.1416,2.1609,False,False,False,False
26,fault_add_x,fault,1.0,0.0,40000.0,True,True,True,True
26,fault_remove_random,fault,1.0,0.0,40000.0,True,True,True,True
26,fault_change_target_qubit,fault,1.0,0.0,40000.0,True,True,True,True
27,identity,valid,0.0057,0.2585,1.277,False,False,False,False
27,barrier,valid,0.0085,0.0891,2.8901,False,False,False,False
27,commute,valid,0.0096,0.0561,3.6482,False,False,False,False
27,fault_add_x,fault,1.0,0.0,40000.0,True,True,True,True
27,fault_remove_random,fault,0.0013,0.8026,0.0625,False,False,False,True
27,fault_change_target_qubit,fault,0.0033,0.5157,0.4226,False,False,False,True
28,identity,valid,0.0076,0.3451,3.3183,False,False,False,False
28,barrier,valid,0.0072,0.3377,3.3726,False,False,False,False
28,commute,valid,0.0079,0.3445,3.3226,False,False,False,False
28,fault_add_x,fault,1.0,0.0,40000.0,True,True,True,True
28,fault_remove_random,fault,0.5039,0.0,19972.0325,True,True,True,True
28,fault_change_target_qubit,fault,0.0025,0.958,0.3108,False,False,False,True
29,identity,valid,0.0023,0.6455,0.2116,False,False,False,False
29,barrier,valid,0.0014,0.7795,0.0784,False,False,False,False
29,commute,valid,0.0008,0.8887,0.0196,False,False,False,False
29,fault_add_x,fault,0.0064,0.2041,1.6129,False,False,False,True
29,fault_remove_random,fault,0.502,0.0,19973.5932,True,True,True,True
29,fault_change_target_qubit,fault,0.0001,0.992,0.0001,False,False,False,True
30,identity,valid,0.0,1.0,0.0,False,False,False,False
30,barrier,valid,0.0,1.0,0.0,False,False,False,False
30,commute,valid,0.0,1.0,0.0,False,False,False,False
30,fault_add_x,fault,1.0,0.0,39996.0001,True,True,True,True
30,fault_remove_random,fault,0.0,1.0,0.0,False,False,False,True
30,fault_change_target_qubit,fault,0.0,1.0,0.0,False,False,False,True
31,identity,valid,0.0104,0.184,4.8389,False,False,False,False
31,barrier,valid,0.0158,0.0046,13.0007,False,True,True,False
31,commute,valid,0.012,0.0953,6.3613,False,False,False,False
31,fault_add_x,fault,0.0058,0.5586,2.0673,False,False,False,True
31,fault_remove_random,fault,1.0,0.0,40000.0,True,True,True,True
31,fault_change_target_qubit,fault,0.5045,0.0,20033.503,True,True,True,True
32,identity,valid,0.0052,0.6135,1.8067,False,False,False,False
32,barrier,valid,0.0089,0.2318,4.2904,False,False,False,False
32,commute,valid,0.0053,0.6735,1.5382,False,False,False,False
32,fault_add_x,fault,1.0,0.0,40000.0,True,True,True,True
32,fault_remove_random,fault,0.7474,0.0,23869.7058,True,True,True,True
32,fault_change_target_qubit,fault,0.4978,0.0,19845.2288,True,True,True,True
33,identity,valid,0.0122,0.0426,8.1692,False,False,False,False
33,barrier,valid,0.0118,0.0533,7.6725,False,False,False,False
33,commute,valid,0.0064,0.4345,2.7339,False,False,False,False
33,fault_add_x,fault,0.013,0.0531,7.6811,False,False,False,True
33,fault_remove_random,fault,1.0,0.0,40000.0,True,True,True,True
33,fault_change_target_qubit,fault,0.5034,0.0,19931.1969,True,True,True,True
34,identity,valid,0.0037,0.4654,0.5329,False,False,False,False
34,barrier,valid,0.0027,0.5961,0.2809,False,False,False,False
34,commute,valid,0.0028,0.5892,0.2916,False,False,False,False
34,fault_add_x,fault,1.0,0.0,40000.0,True,True,True,True
34,fault_remove_random,fault,0.5036,0.0,13460.7546,True,True,True,True
34,fault_change_target_qubit,fault,1.0,0.0,40000.0,True,True,True,True
35,identity,valid,0.0004,0.9442,0.0049,False,False,False,False
35,barrier,valid,0.0005,0.9203,0.01,False,False,False,False
35,commute,valid,0.0042,0.4065,0.6889,False,False,False,False
35,fault_add_x,fault,1.0,0.0,40000.0,True,True,True,True
35,fault_remove_random,fault,0.0092,0.0672,3.3491,False,False,False,True
35,fault_change_target_qubit,fault,1.0,0.0,40000.0,True,True,True,True
36,identity,valid,0.0123,0.2479,9.0667,False,False,False,False
36,barrier,valid,0.0095,0.4778,6.5445,False,False,False,False
36,commute,valid,0.0127,0.3328,7.9979,False,False,False,False
36,fault_add_x,fault,1.0,0.0,40000.0,True,True,True,True
36,fault_remove_random,fault,0.4969,0.0,13228.463,True,True,True,True
36,fault_change_target_qubit,fault,0.0132,0.1844,10.0747,False,False,False,True
37,identity,valid,0.0,1.0,0.0,False,False,False,False
37,barrier,valid,0.0,1.0,0.0,False,False,False,False
37,commute,valid,0.0,1.0,0.0,False,False,False,False
37,fault_add_x,fault,1.0,0.0,39996.0001,True,True,True,True
37,fault_remove_random,fault,1.0,0.0,39996.0001,True,True,True,True
37,fault_change_target_qubit,fault,0.0,1.0,0.0,False,False,False,True
38,identity,valid,0.0091,0.682,4.8196,False,False,False,False
38,barrier,valid,0.0111,0.4718,6.5987,False,False,False,False
38,commute,valid,0.007,0.9102,2.7137,False,False,False,False
38,fault_add_x,fault,1.0,0.0,40000.0,True,True,True,True
38,fault_remove_random,fault,0.4998,0.0,13326.865,True,True,True,True
38,fault_change_target_qubit,fault,0.0097,0.5048,6.3033,False,False,False,True
39,identity,valid,0.0082,0.3026,3.6434,False,False,False,False
39,barrier,valid,0.0057,0.624,1.7588,False,False,False,False
39,commute,valid,0.0099,0.1538,5.2583,False,False,False,False
39,fault_add_x,fault,0.0091,0.286,3.7822,False,False,False,True
39,fault_remove_random,fault,0.5053,0.0,13524.3357,True,True,True,True
39,fault_change_target_qubit,fault,0.0088,0.3361,3.3843,False,False,False,True
40,identity,valid,0.0083,0.8243,3.6018,False,False,False,False
40,barrier,valid,0.0067,0.9128,2.6815,False,False,False,False
40,commute,valid,0.0095,0.5418,5.9828,False,False,False,False
40,fault_add_x,fault,0.0062,0.9389,2.3359,False,False,False,True
40,fault_remove_random,fault,0.4982,0.0,13274.5275,True,True,True,True
40,fault_change_target_qubit,fault,1.0,0.0,40000.0,True,True,True,True
41,identity,valid,0.0,1.0,0.0,False,False,False,False
41,barrier,valid,0.0,1.0,0.0,False,False,False,False
41,commute,valid,0.0,1.0,0.0,False,False,False,False
41,fault_add_x,fault,1.0,0.0,39996.0001,True,True,True,True
41,fault_remove_random,fault,1.0,0.0,39996.0001,True,True,True,True
41,fault_change_target_qubit,fault,1.0,0.0,39996.0001,True,True,True,True
42,identity,valid,0.0078,0.3038,3.634,False,False,False,False
42,barrier,valid,0.0029,0.931,0.444,False,False,False,False
42,commute,valid,0.0087,0.2595,4.018,False,False,False,False
42,fault_add_x,fault,0.0067,0.4196,2.824,False,False,False,True
42,fault_remove_random,fault,0.0061,0.4233,2.801,False,False,False,True
42,fault_change_target_qubit,fault,0.505,0.0,19913.4371,True,True,True,True
43,identity,valid,0.0,1.0,0.0,False,False,False,False
43,barrier,valid,0.0,1.0,0.0,False,False,False,False
43,commute,valid,0.0,1.0,0.0,False,False,False,False
43,fault_add_x,fault,1.0,0.0,39996.0001,True,True,True,True
43,fault_remove_random,fault,1.0,0.0,39996.0001,True,True,True,True
43,fault_change_target_qubit,fault,0.0,1.0,0.0,False,False,False,True
44,identity,valid,0.0005,0.9283,0.0081,False,False,False,False
44,barrier,valid,0.0023,0.6455,0.2116,False,False,False,False
44,commute,valid,0.0015,0.7718,0.0841,False,False,False,False
44,fault_add_x,fault,1.0,0.0,40000.0,True,True,True,True
44,fault_remove_random,fault,1.0,0.0,40000.0,True,True,True,True
44,fault_change_target_qubit,fault,0.0033,0.5157,0.4225,False,False,False,True
45,identity,valid,0.0029,0.5687,0.3249,False,False,False,False
45,barrier,valid,0.0079,0.1164,2.4649,False,False,False,False
45,commute,valid,0.0045,0.3681,0.8101,False,False,False,False
45,fault_add_x,fault,1.0,0.0,40000.0,True,True,True,True
45,fault_remove_random,fault,1.0,0.0,40000.0,True,True,True,True
45,fault_change_target_qubit,fault,1.0,0.0,40000.0,True,True,True,True
46,identity,valid,0.0,1.0,0.0,False,False,False,False
46,barrier,valid,0.0,1.0,0.0,False,False,False,False
46,commute,valid,0.0,1.0,0.0,False,False,False,False
46,fault_add_x,fault,1.0,0.0,39996.0001,True,True,True,True
46,fault_remove_random,fault,1.0,0.0,39996.0001,True,True,True,True
46,fault_change_target_qubit,fault,1.0,0.0,39996.0001,True,True,True,True
47,identity,valid,0.0,1.0,0.0,False,False,False,False
47,barrier,valid,0.0,1.0,0.0,False,False,False,False
47,commute,valid,0.0,1.0,0.0,False,False,False,False
47,fault_add_x,fault,1.0,0.0,39996.0001,True,True,True,True
47,fault_remove_random,fault,0.0,1.0,0.0,False,False,False,True
47,fault_change_target_qubit,fault,0.0,1.0,0.0,False,False,False,True
48,identity,valid,0.0123,0.0143,6.0025,False,False,False,False
48,barrier,valid,0.0027,0.5892,0.2916,False,False,False,False
48,commute,valid,0.0057,0.2543,1.2997,False,False,False,False
48,fault_add_x,fault,1.0,0.0,40000.0,True,True,True,True
48,fault_remove_random,fault,0.0041,0.4122,0.6725,False,False,False,True
48,fault_change_target_qubit,fault,0.0019,0.7039,0.1444,False,False,False,True
49,identity,valid,0.0012,0.8181,0.0529,False,False,False,False
49,barrier,valid,0.0008,0.8729,0.0256,False,False,False,False
49,commute,valid,0.004,0.4295,0.6241,False,False,False,False
49,fault_add_x,fault,1.0,0.0,40000.0,True,True,True,True
49,fault_remove_random,fault,0.5015,0.0,13388.8905,True,True,True,True
49,fault_change_target_qubit,fault,0.748,0.0,23898.1569,True,True,True,True
50,identity,valid,0.0002,0.9761,0.0009,False,False,False,False
50,barrier,valid,0.0004,0.9442,0.0049,False,False,False,False
50,commute,valid,0.0011,0.8259,0.0484,False,False,False,False
50,fault_add_x,fault,1.0,0.0,40000.0,True,True,True,True
50,fault_remove_random,fault,0.4986,0.0,13279.1636,True,True,True,True
50,fault_change_target_qubit,fault,0.0088,0.0801,3.0626,False,False,False,True
51,identity,valid,0.0108,0.0491,7.8537,False,False,False,False
51,barrier,valid,0.0102,0.1963,4.6855,False,False,False,False
51,commute,valid,0.0127,0.0091,11.5377,False,True,True,False
51,fault_add_x,fault,0.0108,0.0589,7.448,False,False,False,True
51,fault_remove_random,fault,0.5008,0.0,13360.3934,True,True,True,True
51,fault_change_target_qubit,fault,0.748,0.0,23900.3155,True,True,True,True
52,identity,valid,0.0096,0.2215,4.3983,False,False,False,False
52,barrier,valid,0.0019,0.9763,0.2082,False,False,False,False
52,commute,valid,0.0095,0.3113,3.5738,False,False,False,False
52,fault_add_x,fault,1.0,0.0,40000.0,True,True,True,True
52,fault_remove_random,fault,0.0062,0.5111,2.3075,False,False,False,True
52,fault_change_target_qubit,fault,0.7504,0.0,24020.4866,True,True,True,True
53,identity,valid,0.0012,0.8103,0.0576,False,False,False,False
53,barrier,valid,0.011,0.0293,4.7525,False,False,False,False
53,commute,valid,0.0008,0.8808,0.0225,False,False,False,False
53,fault_add_x,fault,0.002,0.7039,0.1444,False,False,False,True
53,fault_remove_random,fault,1.0,0.0,40000.0,True,True,True,True
53,fault_change_target_qubit,fault,0.5028,0.0,19979.8835,True,True,True,True
54,identity,valid,0.0064,0.5059,2.335,False,False,False,False
54,barrier,valid,0.0108,0.1794,4.898,False,False,False,False
54,commute,valid,0.0061,0.4413,2.6937,False,False,False,False
54,fault_add_x,fault,0.0149,0.0292,9.0044,False,False,False,True
54,fault_remove_random,fault,0.498,0.0,13265.5092,True,True,True,True
54,fault_change_target_qubit,fault,0.0063,0.6265,1.747,False,False,False,True
55,identity,valid,0.0103,0.0809,6.734,False,False,False,False
55,barrier,valid,0.01,0.1492,5.33,False,False,False,False
55,commute,valid,0.007,0.4121,2.87,False,False,False,False
55,fault_add_x,fault,1.0,0.0,40000.0,True,True,True,True
55,fault_remove_random,fault,0.0084,0.2969,3.6907,False,False,False,True
55,fault_change_target_qubit,fault,1.0,0.0,40000.0,True,True,True,True
56,identity,valid,0.005,0.3222,0.9802,False,False,False,False
56,barrier,valid,0.0013,0.8026,0.0625,False,False,False,False
56,commute,valid,0.0025,0.6171,0.25,False,False,False,False
56,fault_add_x,fault,1.0,0.0,40000.0,True,True,True,True
56,fault_remove_random,fault,0.0023,0.6599,0.1936,False,False,False,True
56,fault_change_target_qubit,fault,0.0056,0.267,1.2321,False,False,False,True
57,identity,valid,0.0039,0.4413,0.5929,False,False,False,False
57,barrier,valid,0.002,0.6965,0.1521,False,False,False,False
57,commute,valid,0.0004,0.9522,0.0036,False,False,False,False
57,fault_add_x,fault,1.0,0.0,40000.0,True,True,True,True
57,fault_remove_random,fault,0.4989,0.0,13292.4763,True,True,True,True
57,fault_change_target_qubit,fault,0.0032,0.5287,0.3969,False,False,False,True
58,identity,valid,0.0066,0.1936,1.69,False,False,False,False
58,barrier,valid,0.0013,0.8026,0.0625,False,False,False,False
58,commute,valid,0.0075,0.1389,2.1904,False,False,False,False
58,fault_add_x,fault,1.0,0.0,40000.0,True,True,True,True
58,fault_remove_random,fault,0.003,0.5485,0.36,False,False,False,True
58,fault_change_target_qubit,fault,1.0,0.0,40000.0,True,True,True,True
59,identity,valid,0.0003,0.9601,0.0025,False,False,False,False
59,barrier,valid,0.0029,0.5687,0.3249,False,False,False,False
59,commute,valid,0.0003,0.9681,0.0016,False,False,False,False
59,fault_add_x,fault,1.0,0.0,40000.0,True,True,True,True
59,fault_remove_random,fault,1.0,0.0,40000.0,True,True,True,True
59,fault_change_target_qubit,fault,1.0,0.0,40000.0,True,True,True,True
60,identity,valid,0.0086,0.7478,4.2738,False,False,False,False
60,barrier,valid,0.0099,0.6112,5.4002,False,False,False,False
60,commute,valid,0.0081,0.6963,4.7017,False,False,False,False
60,fault_add_x,fault,1.0,0.0,40000.0,True,True,True,True
60,fault_remove_random,fault,0.5064,0.0,13563.9204,True,True,True,True
60,fault_change_target_qubit,fault,0.7501,0.0,24005.123,True,True,True,True
61,identity,valid,0.0056,0.267,1.2321,False,False,False,False
61,barrier,valid,0.0076,0.1336,2.25,False,False,False,False
61,commute,valid,0.0035,0.4965,0.4624,False,False,False,False
61,fault_add_x,fault,0.005,0.3271,0.9604,False,False,False,True
61,fault_remove_random,fault,0.5056,0.0,13536.4696,True,True,True,True
61,fault_change_target_qubit,fault,0.5004,0.0,19911.5488,True,True,True,True
62,identity,valid,0.0047,0.3524,0.8649,False,False,False,False
62,barrier,valid,0.0016,0.7642,0.09,False,False,False,False
62,commute,valid,0.0002,0.984,0.0004,False,False,False,False
62,fault_add_x,fault,1.0,0.0,40000.0,True,True,True,True
62,fault_remove_random,fault,0.5027,0.0,13426.8351,True,True,True,True
62,fault_change_target_qubit,fault,0.4999,0.0,19943.1297,True,True,True,True
63,identity,valid,0.0128,0.0331,8.7311,False,False,False,False
63,barrier,valid,0.0038,0.8769,0.6841,False,False,False,False
63,commute,valid,0.0076,0.3345,3.3961,False,False,False,False
63,fault_add_x,fault,1.0,0.0,40000.0,True,True,True,True
63,fault_remove_random,fault,0.0093,0.0893,6.5101,False,False,False,True
63,fault_change_target_qubit,fault,0.0054,0.6718,1.5455,False,False,False,True
64,identity,valid,0.0,1.0,0.0,False,False,False,False
64,barrier,valid,0.0,1.0,0.0,False,False,False,False
64,commute,valid,0.0,1.0,0.0,False,False,False,False
64,fault_add_x,fault,1.0,0.0,39996.0001,True,True,True,True
64,fault_remove_random,fault,0.0,1.0,0.0,False,False,False,True
64,fault_change_target_qubit,fault,0.0,1.0,0.0,False,False,False,True
65,identity,valid,0.0005,0.9362,0.0064,False,False,False,False
65,barrier,valid,0.0,1.0,0.0,False,False,False,False
65,commute,valid,0.0029,0.5687,0.3249,False,False,False,False
65,fault_add_x,fault,0.0006,0.9124,0.0121,False,False,False,True
65,fault_remove_random,fault,1.0,0.0,40000.0,True,True,True,True
65,fault_change_target_qubit,fault,1.0,0.0,40000.0,True,True,True,True
66,identity,valid,0.0013,0.8026,0.0625,False,False,False,False
66,barrier,valid,0.0089,0.0767,3.133,False,False,False,False
66,commute,valid,0.0053,0.2937,1.1026,False,False,False,False
66,fault_add_x,fault,1.0,0.0,40000.0,True,True,True,True
66,fault_remove_random,fault,1.0,0.0,40000.0,True,True,True,True
66,fault_change_target_qubit,fault,1.0,0.0,40000.0,True,True,True,True
67,identity,valid,0.0,1.0,0.0,False,False,False,False
67,barrier,valid,0.0,1.0,0.0,False,False,False,False
67,commute,valid,0.0,1.0,0.0,False,False,False,False
67,fault_add_x,fault,1.0,0.0,39996.0001,True,True,True,True
67,fault_remove_random,fault,0.0,1.0,0.0,False,False,False,True
67,fault_change_target_qubit,fault,0.0,1.0,0.0,False,False,False,True
68,identity,valid,0.001,0.8571,0.0324,False,False,False,False
68,barrier,valid,0.0036,0.4777,0.5041,False,False,False,False
68,commute,valid,0.0033,0.5222,0.4096,False,False,False,False
68,fault_add_x,fault,1.0,0.0,40000.0,True,True,True,True
68,fault_remove_random,fault,0.0039,0.4472,0.5776,False,False,False,True
68,fault_change_target_qubit,fault,1.0,0.0,40000.0,True,True,True,True
69,identity,valid,0.004,0.4354,0.6084,False,False,False,False
69,barrier,valid,0.0042,0.4122,0.6724,False,False,False,False
69,commute,valid,0.0056,0.267,1.2321,False,False,False,False
69,fault_add_x,fault,0.0053,0.2891,1.1236,False,False,False,True
69,fault_remove_random,fault,1.0,0.0,40000.0,True,True,True,True
69,fault_change_target_qubit,fault,0.5048,0.0,20051.0107,True,True,True,True
70,identity,valid,0.0003,0.9601,0.0025,False,False,False,False
70,barrier,valid,0.0027,0.5961,0.2809,False,False,False,False
70,commute,valid,0.0021,0.6745,0.1764,False,False,False,False
70,fault_add_x,fault,0.002,0.6892,0.16,False,False,False,True
70,fault_remove_random,fault,0.0005,0.9283,0.0081,False,False,False,True
70,fault_change_target_qubit,fault,1.0,0.0,40000.0,True,True,True,True
71,identity,valid,0.0039,0.8573,0.7673,False,False,False,False
71,barrier,valid,0.0083,0.2555,4.0555,False,False,False,False
71,commute,valid,0.0047,0.7737,1.1138,False,False,False,False
71,fault_add_x,fault,1.0,0.0,40000.0,True,True,True,True
71,fault_remove_random,fault,0.0082,0.2006,4.6345,False,False,False,True
71,fault_change_target_qubit,fault,1.0,0.0,40000.0,True,True,True,True
72,identity,valid,0.005,0.6973,1.435,False,False,False,False
72,barrier,valid,0.0027,0.9559,0.3219,False,False,False,False
72,commute,valid,0.0093,0.3,3.665,False,False,False,False
72,fault_add_x,fault,1.0,0.0,40000.0,True,True,True,True
72,fault_remove_random,fault,0.5023,0.0,19990.5224,True,True,True,True
72,fault_change_target_qubit,fault,0.0105,0.1235,5.7669,False,False,False,True
73,identity,valid,0.0,1.0,0.0,False,False,False,False
73,barrier,valid,0.0,1.0,0.0,False,False,False,False
73,commute,valid,0.0,1.0,0.0,False,False,False,False
73,fault_add_x,fault,1.0,0.0,39996.0001,True,True,True,True
73,fault_remove_random,fault,0.0,1.0,0.0,False,False,False,True
73,fault_change_target_qubit,fault,0.0,1.0,0.0,False,False,False,True
74,identity,valid,0.0,1.0,0.0,False,False,False,False
74,barrier,valid,0.0,1.0,0.0,False,False,False,False
74,commute,valid,0.0,1.0,0.0,False,False,False,False
74,fault_add_x,fault,1.0,0.0,39996.0001,True,True,True,True
74,fault_remove_random,fault,1.0,0.0,39996.0001,True,True,True,True
74,fault_change_target_qubit,fault,1.0,0.0,39996.0001,True,True,True,True
75,identity,valid,0.0003,0.9522,0.0036,False,False,False,False
75,barrier,valid,0.0006,0.9124,0.0121,False,False,False,False
75,commute,valid,0.0003,0.9681,0.0016,False,False,False,False
75,fault_add_x,fault,1.0,0.0,40000.0,True,True,True,True
75,fault_remove_random,fault,0.5006,0.0,13350.2286,True,True,True,True
75,fault_change_target_qubit,fault,0.5044,0.0,20098.2902,True,True,True,True
76,identity,valid,0.0135,0.1171,11.5302,False,False,False,False
76,barrier,valid,0.0119,0.3423,7.8912,False,False,False,False
76,commute,valid,0.0082,0.6328,5.2224,False,False,False,False
76,fault_add_x,fault,0.0102,0.6443,5.1281,False,False,False,True
76,fault_remove_random,fault,0.4959,0.0,13189.0462,True,True,True,True
76,fault_change_target_qubit,fault,0.7537,0.0,24190.1814,True,True,True,True
77,identity,valid,0.0071,0.498,2.3768,False,False,False,False
77,barrier,valid,0.0076,0.3806,3.0721,False,False,False,False
77,commute,valid,0.0113,0.0607,7.381,False,False,False,False
77,fault_add_x,fault,1.0,0.0,40000.0,True,True,True,True
77,fault_remove_random,fault,0.008,0.3854,3.0409,False,False,False,True
77,fault_change_target_qubit,fault,0.5033,0.0,19918.4754,True,True,True,True
78,identity,valid,0.0035,0.4902,0.4761,False,False,False,False
78,barrier,valid,0.0023,0.6527,0.2025,False,False,False,False
78,commute,valid,0.0021,0.6818,0.1681,False,False,False,False
78,fault_add_x,fault,1.0,0.0,40000.0,True,True,True,True
78,fault_remove_random,fault,0.0001,0.992,0.0001,False,False,False,True
78,fault_change_target_qubit,fault,0.0006,0.9124,0.0121,False,False,False,True
79,identity,valid,0.0103,0.1687,5.0429,False,False,False,False
79,barrier,valid,0.007,0.5799,1.9639,False,False,False,False
79,commute,valid,0.0095,0.1819,4.8663,False,False,False,False
79,fault_add_x,fault,0.0094,0.1582,5.1935,False,False,False,True
79,fault_remove_random,fault,0.503,0.0,13440.9709,True,True,True,True
79,fault_change_target_qubit,fault,0.0124,0.042,8.2032,False,False,False,True
80,identity,valid,0.0036,0.4839,0.49,False,False,False,False
80,barrier,valid,0.0044,0.3843,0.7569,False,False,False,False
80,commute,valid,0.0001,0.992,0.0001,False,False,False,False
80,fault_add_x,fault,1.0,0.0,40000.0,True,True,True,True
80,fault_remove_random,fault,0.5016,0.0,13387.6136,True,True,True,True
80,fault_change_target_qubit,fault,0.5035,0.0,20102.0726,True,True,True,True
81,identity,valid,0.0021,0.6891,0.16,False,False,False,False
81,barrier,valid,0.0023,0.6599,0.1936,False,False,False,False
81,commute,valid,0.0011,0.8259,0.0484,False,False,False,False
81,fault_add_x,fault,1.0,0.0,40000.0,True,True,True,True
81,fault_remove_random,fault,0.5028,0.0,13428.6193,True,True,True,True
81,fault_change_target_qubit,fault,0.0007,0.9045,0.0144,False,False,False,True
82,identity,valid,0.0,1.0,0.0,False,False,False,False
82,barrier,valid,0.0,1.0,0.0,False,False,False,False
82,commute,valid,0.0,1.0,0.0,False,False,False,False
82,fault_add_x,fault,1.0,0.0,39996.0001,True,True,True,True
82,fault_remove_random,fault,1.0,0.0,39996.0001,True,True,True,True
82,fault_change_target_qubit,fault,1.0,0.0,39996.0001,True,True,True,True
83,identity,valid,0.0058,0.5609,2.0559,False,False,False,False
83,barrier,valid,0.0033,0.8706,0.7112,False,False,False,False
83,commute,valid,0.0123,0.0269,9.1887,False,False,False,False
83,fault_add_x,fault,1.0,0.0,40000.0,True,True,True,True
83,fault_remove_random,fault,0.4978,0.0,13258.4378,True,True,True,True
83,fault_change_target_qubit,fault,0.4997,0.0,19951.0774,True,True,True,True
84,identity,valid,0.0,1.0,0.0,False,False,False,False
84,barrier,valid,0.0,1.0,0.0,False,False,False,False
84,commute,valid,0.0,1.0,0.0,False,False,False,False
84,fault_add_x,fault,1.0,0.0,39996.0001,True,True,True,True
84,fault_remove_random,fault,1.0,0.0,39996.0001,True,True,True,True
84,fault_change_target_qubit,fault,1.0,0.0,39996.0001,True,True,True,True
85,identity,valid,0.0009,0.8571,0.0324,False,False,False,False
85,barrier,valid,0.0026,0.6171,0.25,False,False,False,False
85,commute,valid,0.013,0.0093,6.7602,False,True,True,False
85,fault_add_x,fault,1.0,0.0,40000.0,True,True,True,True
85,fault_remove_random,fault,1.0,0.0,40000.0,True,True,True,True
85,fault_change_target_qubit,fault,0.5037,0.0,20114.0652,True,True,True,True
86,identity,valid,0.0076,0.1336,2.25,False,False,False,False
86,barrier,valid,0.0006,0.9124,0.0121,False,False,False,False
86,commute,valid,0.0001,0.984,0.0004,False,False,False,False
86,fault_add_x,fault,0.0025,0.6241,0.2401,False,False,False,True
86,fault_remove_random,fault,0.4989,0.0,19939.0144,True,True,True,True
86,fault_change_target_qubit,fault,0.5015,0.0,19991.2379,True,True,True,True
87,identity,valid,0.0,1.0,0.0,False,False,False,False
87,barrier,valid,0.0,1.0,0.0,False,False,False,False
87,commute,valid,0.0,1.0,0.0,False,False,False,False
87,fault_add_x,fault,1.0,0.0,39996.0001,True,True,True,True
87,fault_remove_random,fault,1.0,0.0,39996.0001,True,True,True,True
87,fault_change_target_qubit,fault,0.0,1.0,0.0,False,False,False,True
88,identity,valid,0.0,1.0,0.0,False,False,False,False
88,barrier,valid,0.0,1.0,0.0,False,False,False,False
88,commute,valid,0.0,1.0,0.0,False,False,False,False
88,fault_add_x,fault,1.0,0.0,39996.0001,True,True,True,True
88,fault_remove_random,fault,1.0,0.0,39996.0001,True,True,True,True
88,fault_change_target_qubit,fault,1.0,0.0,39996.0001,True,True,True,True
89,identity,valid,0.0073,0.1443,2.1317,False,False,False,False
89,barrier,valid,0.0074,0.1389,2.1905,False,False,False,False
89,commute,valid,0.0011,0.8337,0.0441,False,False,False,False
89,fault_add_x,fault,1.0,0.0,40000.0,True,True,True,True
89,fault_remove_random,fault,1.0,0.0,40000.0,True,True,True,True
89,fault_change_target_qubit,fault,0.0027,0.5892,0.2916,False,False,False,True
90,identity,valid,0.0029,0.5687,0.3249,False,False,False,False
90,barrier,valid,0.0046,0.3628,0.8281,False,False,False,False
90,commute,valid,0.0025,0.6241,0.2401,False,False,False,False
90,fault_add_x,fault,1.0,0.0,40000.0,True,True,True,True
90,fault_remove_random,fault,0.5012,0.0,19988.1921,True,True,True,True
90,fault_change_target_qubit,fault,0.5012,0.0,19950.4988,True,True,True,True
91,identity,valid,0.0076,0.3789,3.0835,False,False,False,False
91,barrier,valid,0.0086,0.2171,4.4464,False,False,False,False
91,commute,valid,0.006,0.5596,2.0623,False,False,False,False
91,fault_add_x,fault,1.0,0.0,40000.0,True,True,True,True
91,fault_remove_random,fault,1.0,0.0,40000.0,True,True,True,True
91,fault_change_target_qubit,fault,0.7514,0.0,24074.3262,True,True,True,True
92,identity,valid,0.0,1.0,0.0,False,False,False,False
92,barrier,valid,0.0,1.0,0.0,False,False,False,False
92,commute,valid,0.0,1.0,0.0,False,False,False,False
92,fault_add_x,fault,1.0,0.0,39996.0001,True,True,True,True
92,fault_remove_random,fault,0.0,1.0,0.0,False,False,False,True
92,fault_change_target_qubit,fault,0.0,1.0,0.0,False,False,False,True
93,identity,valid,0.0,1.0,0.0,False,False,False,False
93,barrier,valid,0.0,1.0,0.0,False,False,False,False
93,commute,valid,0.0,1.0,0.0,False,False,False,False
93,fault_add_x,fault,1.0,0.0,39996.0001,True,True,True,True
93,fault_remove_random,fault,1.0,0.0,39996.0001,True,True,True,True
93,fault_change_target_qubit,fault,1.0,0.0,39996.0001,True,True,True,True
94,identity,valid,0.0014,0.7872,0.0729,False,False,False,False
94,barrier,valid,0.0071,0.1615,1.9601,False,False,False,False
94,commute,valid,0.0008,0.8808,0.0225,False,False,False,False
94,fault_add_x,fault,1.0,0.0,40000.0,True,True,True,True
94,fault_remove_random,fault,0.5,0.0,13330.6668,True,True,True,True
94,fault_change_target_qubit,fault,0.5,0.0,19949.1297,True,True,True,True
95,identity,valid,0.0078,0.4601,2.5851,False,False,False,False
95,barrier,valid,0.0045,0.7338,1.2804,False,False,False,False
95,commute,valid,0.0074,0.3327,3.4094,False,False,False,False
95,fault_add_x,fault,0.0074,0.4354,2.7285,False,False,False,True
95,fault_remove_random,fault,0.5004,0.0,13347.7588,True,True,True,True
95,fault_change_target_qubit,fault,0.0035,0.8751,0.6919,False,False,False,True
96,identity,valid,0.0,1.0,0.0,False,False,False,False
96,barrier,valid,0.0,1.0,0.0,False,False,False,False
96,commute,valid,0.0,1.0,0.0,False,False,False,False
96,fault_add_x,fault,1.0,0.0,39996.0001,True,True,True,True
96,fault_remove_random,fault,1.0,0.0,39996.0001,True,True,True,True
96,fault_change_target_qubit,fault,1.0,0.0,39996.0001,True,True,True,True
97,identity,valid,0.0098,0.2237,4.3753,False,False,False,False
97,barrier,valid,0.0048,0.8218,0.915,False,False,False,False
97,commute,valid,0.0096,0.1884,4.7833,False,False,False,False
97,fault_add_x,fault,0.0144,0.0105,11.2435,False,False,False,True
97,fault_remove_random,fault,0.5054,0.0,13526.0721,True,True,True,True
97,fault_change_target_qubit,fault,1.0,0.0,40000.0,True,True,True,True
98,identity,valid,0.0013,0.7949,0.0676,False,False,False,False
98,barrier,valid,0.006,0.2301,1.4401,False,False,False,False
98,commute,valid,0.0038,0.4533,0.5625,False,False,False,False
98,fault_add_x,fault,1.0,0.0,40000.0,True,True,True,True
98,fault_remove_random,fault,0.0029,0.5687,0.3249,False,False,False,True
98,fault_change_target_qubit,fault,0.5007,0.0,20020.005,True,True,True,True
99,identity,valid,0.007,0.1645,1.9323,False,False,False,False
99,barrier,valid,0.0073,0.1471,2.1026,False,False,False,False
99,commute,valid,0.0041,0.4122,0.6724,False,False,False,False
99,fault_add_x,fault,1.0,0.0,40000.0,True,True,True,True
99,fault_remove_random,fault,1.0,0.0,40000.0,True,True,True,True
99,fault_change_target_qubit,fault,0.4994,0.0,19970.0032,True,True,True,True
100,identity,valid,0.0036,0.4777,0.5041,False,False,False,False
100,barrier,valid,0.0064,0.2041,1.6129,False,False,False,False
100,commute,valid,0.0046,0.3681,0.81,False,False,False,False
100,fault_add_x,fault,1.0,0.0,40000.0,True,True,True,True
100,fault_remove_random,fault,1.0,0.0,40000.0,True,True,True,True
100,fault_change_target_qubit,fault,0.5018,0.0,19916.2272,True,True,True,True
101,identity,valid,0.008,0.1118,2.5282,False,False,False,False
101,barrier,valid,0.0004,0.9362,0.0064,False,False,False,False
101,commute,valid,0.0047,0.3524,0.8649,False,False,False,False
101,fault_add_x,fault,1.0,0.0,40000.0,True,True,True,True
101,fault_remove_random,fault,0.5014,0.0,19986.259,True,True,True,True
101,fault_change_target_qubit,fault,0.5017,0.0,20063.0013,True,True,True,True
102,identity,valid,0.0006,0.9124,0.0121,False,False,False,False
102,barrier,valid,0.0069,0.1707,1.8771,False,False,False,False
102,commute,valid,0.0025,0.6312,0.2304,False,False,False,False
102,fault_add_x,fault,1.0,0.0,40000.0,True,True,True,True
102,fault_remove_random,fault,0.4987,0.0,13284.4869,True,True,True,True
102,fault_change_target_qubit,fault,1.0,0.0,40000.0,True,True,True,True
103,identity,valid,0.0,1.0,0.0,False,False,False,False
103,barrier,valid,0.0,1.0,0.0,False,False,False,False
103,commute,valid,0.0,1.0,0.0,False,False,False,False
103,fault_add_x,fault,1.0,0.0,39996.0001,True,True,True,True
103,fault_remove_random,fault,0.0,1.0,0.0,False,False,False,True
103,fault_change_target_qubit,fault,1.0,0.0,39996.0001,True,True,True,True
104,identity,valid,0.0,1.0,0.0,False,False,False,False
104,barrier,valid,0.0,1.0,0.0,False,False,False,False
104,commute,valid,0.0,1.0,0.0,False,False,False,False
104,fault_add_x,fault,1.0,0.0,39996.0001,True,True,True,True
104,fault_remove_random,fault,0.0,1.0,0.0,False,False,False,True
104,fault_change_target_qubit,fault,1.0,0.0,39996.0001,True,True,True,True
105,identity,valid,0.0071,0.4223,2.8071,False,False,False,False
105,barrier,valid,0.0064,0.56,2.0604,False,False,False,False
105,commute,valid,0.0088,0.229,4.3196,False,False,False,False
105,fault_add_x,fault,1.0,0.0,40000.0,True,True,True,True
105,fault_remove_random,fault,0.5033,0.0,13451.2056,True,True,True,True
105,fault_change_target_qubit,fault,0.5051,0.0,19968.4318,True,True,True,True
106,identity,valid,0.0067,0.1835,1.769,False,False,False,False
106,barrier,valid,0.0034,0.4965,0.4624,False,False,False,False
106,commute,valid,0.0061,0.2263,1.4641,False,False,False,False
106,fault_add_x,fault,1.0,0.0,40000.0,True,True,True,True
106,fault_remove_random,fault,1.0,0.0,40000.0,True,True,True,True
106,fault_change_target_qubit,fault,0.5018,0.0,20045.0365,True,True,True,True
107,identity,valid,0.0051,0.3077,1.0404,False,False,False,False
107,barrier,valid,0.0106,0.0348,4.4533,False,False,False,False
107,commute,valid,0.001,0.8493,0.0361,False,False,False,False
107,fault_add_x,fault,1.0,0.0,40000.0,True,True,True,True
107,fault_remove_random,fault,1.0,0.0,40000.0,True,True,True,True
107,fault_change_target_qubit,fault,1.0,0.0,40000.0,True,True,True,True
108,identity,valid,0.0013,0.8103,0.0576,False,False,False,False
108,barrier,valid,0.0029,0.5619,0.3364,False,False,False,False
108,commute,valid,0.0076,0.131,2.2802,False,False,False,False
108,fault_add_x,fault,0.0025,0.6312,0.2304,False,False,False,True
108,fault_remove_random,fault,0.4988,0.0,13286.2616,True,True,True,True
108,fault_change_target_qubit,fault,1.0,0.0,40000.0,True,True,True,True
109,identity,valid,0.0,1.0,0.0,False,False,False,False
109,barrier,valid,0.0,1.0,0.0,False,False,False,False
109,commute,valid,0.0,1.0,0.0,False,False,False,False
109,fault_add_x,fault,1.0,0.0,39996.0001,True,True,True,True
109,fault_remove_random,fault,1.0,0.0,39996.0001,True,True,True,True
109,fault_change_target_qubit,fault,1.0,0.0,39996.0001,True,True,True,True
110,identity,valid,0.0141,0.131,11.1792,False,False,False,False
110,barrier,valid,0.0111,0.4195,7.0909,False,False,False,False
110,commute,valid,0.0124,0.3485,7.8229,False,False,False,False
110,fault_add_x,fault,0.006,0.9643,1.9164,False,False,False,True
110,fault_remove_random,fault,0.4986,0.0,13284.1063,True,True,True,True
110,fault_change_target_qubit,fault,0.7515,0.0,24079.6131,True,True,True,True
111,identity,valid,0.0025,0.6241,0.2401,False,False,False,False
111,barrier,valid,0.0044,0.3843,0.7569,False,False,False,False
111,commute,valid,0.0006,0.9124,0.0121,False,False,False,False
111,fault_add_x,fault,1.0,0.0,40000.0,True,True,True,True
111,fault_remove_random,fault,0.5028,0.0,20106.0008,True,True,True,True
111,fault_change_target_qubit,fault,0.0032,0.5287,0.3969,False,False,False,True
112,identity,valid,0.0154,0.0719,13.0075,False,False,False,False
112,barrier,valid,0.0077,0.7572,4.1936,False,False,False,False
112,commute,valid,0.0134,0.2042,9.7339,False,False,False,False
112,fault_add_x,fault,1.0,0.0,40000.0,True,True,True,True
112,fault_remove_random,fault,0.0129,0.3413,7.9026,False,False,False,True
112,fault_change_target_qubit,fault,0.7498,0.0,23988.0686,True,True,True,True
113,identity,valid,0.0047,0.3576,0.8464,False,False,False,False
113,barrier,valid,0.0011,0.8337,0.0441,False,False,False,False
113,commute,valid,0.0028,0.5892,0.2916,False,False,False,False
113,fault_add_x,fault,1.0,0.0,40000.0,True,True,True,True
113,fault_remove_random,fault,0.5019,0.0,13398.3047,True,True,True,True
113,fault_change_target_qubit,fault,0.5019,0.0,20023.1406,True,True,True,True
114,identity,valid,0.014,0.11,11.7232,False,False,False,False
114,barrier,valid,0.0151,0.0579,13.6415,False,False,False,False
114,commute,valid,0.0102,0.516,6.2055,False,False,False,False
114,fault_add_x,fault,0.0143,0.0624,13.4234,False,False,False,True
114,fault_remove_random,fault,0.4973,0.0,13250.3486,True,True,True,True
114,fault_change_target_qubit,fault,0.5035,0.0,20070.3344,True,True,True,True
115,identity,valid,0.0,1.0,0.0,False,False,False,False
115,barrier,valid,0.0,1.0,0.0,False,False,False,False
115,commute,valid,0.0,1.0,0.0,False,False,False,False
115,fault_add_x,fault,1.0,0.0,39996.0001,True,True,True,True
115,fault_remove_random,fault,0.0,1.0,0.0,False,False,False,True
115,fault_change_target_qubit,fault,0.0,1.0,0.0,False,False,False,True
116,identity,valid,0.0058,0.5816,1.9557,False,False,False,False
116,barrier,valid,0.0058,0.5866,1.932,False,False,False,False
116,commute,valid,0.0099,0.213,4.4925,False,False,False,False
116,fault_add_x,fault,0.0116,0.1302,5.6454,False,False,False,True
116,fault_remove_random,fault,0.4943,0.0,13129.9185,True,True,True,True
116,fault_change_target_qubit,fault,0.5013,0.0,19869.2123,True,True,True,True
117,identity,valid,0.0044,0.3789,0.7744,False,False,False,False
117,barrier,valid,0.0034,0.5029,0.4489,False,False,False,False
117,commute,valid,0.0146,0.0036,8.4684,False,True,True,False
117,fault_add_x,fault,1.0,0.0,40000.0,True,True,True,True
117,fault_remove_random,fault,0.5042,0.0,13480.412,True,True,True,True
117,fault_change_target_qubit,fault,0.0055,0.2757,1.1881,False,False,False,True
118,identity,valid,0.0023,0.6527,0.2025,False,False,False,False
118,barrier,valid,0.0014,0.7872,0.0729,False,False,False,False
118,commute,valid,0.0034,0.5092,0.4356,False,False,False,False
118,fault_add_x,fault,1.0,0.0,40000.0,True,True,True,True
118,fault_remove_random,fault,1.0,0.0,40000.0,True,True,True,True
118,fault_change_target_qubit,fault,0.0004,0.9442,0.0049,False,False,False,True
119,identity,valid,0.0,1.0,0.0,False,False,False,False
119,barrier,valid,0.0,1.0,0.0,False,False,False,False
119,commute,valid,0.0,1.0,0.0,False,False,False,False
119,fault_add_x,fault,1.0,0.0,39996.0001,True,True,True,True
119,fault_remove_random,fault,1.0,0.0,39996.0001,True,True,True,True
119,fault_change_target_qubit,fault,1.0,0.0,39996.0001,True,True,True,True
120,identity,valid,0.0144,0.011,11.1378,False,False,False,False
120,barrier,valid,0.0075,0.2612,4.0028,False,False,False,False
120,commute,valid,0.0061,0.4614,2.5776,False,False,False,False
120,fault_add_x,fault,1.0,0.0,40000.0,True,True,True,True
120,fault_remove_random,fault,0.5087,0.0,13646.6836,True,True,True,True
120,fault_change_target_qubit,fault,1.0,0.0,40000.0,True,True,True,True
121,identity,valid,0.007,0.5445,2.1366,False,False,False,False
121,barrier,valid,0.0083,0.2668,3.9507,False,False,False,False
121,commute,valid,0.0041,0.7454,1.2319,False,False,False,False
121,fault_add_x,fault,1.0,0.0,40000.0,True,True,True,True
121,fault_remove_random,fault,1.0,0.0,40000.0,True,True,True,True
121,fault_change_target_qubit,fault,0.7555,0.0,24285.4273,True,True,True,True
122,identity,valid,0.0033,0.5222,0.4096,False,False,False,False
122,barrier,valid,0.0001,0.984,0.0004,False,False,False,False
122,commute,valid,0.007,0.1645,1.9321,False,False,False,False
122,fault_add_x,fault,1.0,0.0,40000.0,True,True,True,True
122,fault_remove_random,fault,0.5038,0.0,13468.9501,True,True,True,True
122,fault_change_target_qubit,fault,1.0,0.0,40000.0,True,True,True,True
123,identity,valid,0.002,0.7039,0.1444,False,False,False,False
123,barrier,valid,0.0001,0.992,0.0001,False,False,False,False
123,commute,valid,0.0033,0.5093,0.4356,False,False,False,False
123,fault_add_x,fault,1.0,0.0,40000.0,True,True,True,True
123,fault_remove_random,fault,1.0,0.0,40000.0,True,True,True,True
123,fault_change_target_qubit,fault,0.0026,0.61,0.2601,False,False,False,True
124,identity,valid,0.0035,0.4839,0.49,False,False,False,False
124,barrier,valid,0.0016,0.7566,0.0961,False,False,False,False
124,commute,valid,0.0011,0.8259,0.0484,False,False,False,False
124,fault_add_x,fault,0.003,0.5552,0.3481,False,False,False,True
124,fault_remove_random,fault,0.5035,0.0,20010.8454,True,True,True,True
124,fault_change_target_qubit,fault,0.0044,0.3843,0.7569,False,False,False,True
125,identity,valid,0.0084,0.3756,3.106,False,False,False,False
125,barrier,valid,0.003,0.922,0.4859,False,False,False,False
125,commute,valid,0.0051,0.6403,1.6848,False,False,False,False
125,fault_add_x,fault,0.0026,0.9634,0.2821,False,False,False,True
125,fault_remove_random,fault,0.501,0.0,13367.1929,True,True,True,True
125,fault_change_target_qubit,fault,0.501,0.0,20017.0332,True,True,True,True
126,identity,valid,0.0072,0.4131,2.864,False,False,False,False
126,barrier,valid,0.0077,0.311,3.5765,False,False,False,False
126,commute,valid,0.0098,0.088,6.5414,False,False,False,False
126,fault_add_x,fault,0.0141,0.0048,12.9089,False,True,True,True
126,fault_remove_random,fault,1.0,0.0,40000.0,True,True,True,True
126,fault_change_target_qubit,fault,0.5131,0.0,20196.0854,True,True,True,True
127,identity,valid,0.0,1.0,0.0,False,False,False,False
127,barrier,valid,0.0024,0.6455,0.2116,False,False,False,False
127,commute,valid,0.0009,0.865,0.0289,False,False,False,False
127,fault_add_x,fault,0.0013,0.8026,0.0625,False,False,False,True
127,fault_remove_random,fault,1.0,0.0,40000.0,True,True,True,True
127,fault_change_target_qubit,fault,0.5001,0.0,19991.0112,True,True,True,True
128,identity,valid,0.0035,0.4965,0.4624,False,False,False,False
128,barrier,valid,0.0008,0.8729,0.0256,False,False,False,False
128,commute,valid,0.0067,0.1868,1.7425,False,False,False,False
128,fault_add_x,fault,1.0,0.0,40000.0,True,True,True,True
128,fault_remove_random,fault,0.4994,0.0,13309.3431,True,True,True,True
128,fault_change_target_qubit,fault,1.0,0.0,40000.0,True,True,True,True
129,identity,valid,0.012,0.3526,7.7783,False,False,False,False
129,barrier,valid,0.0105,0.5046,6.3054,False,False,False,False
129,commute,valid,0.0078,0.811,3.7236,False,False,False,False
129,fault_add_x,fault,1.0,0.0,40000.0,True,True,True,True
129,fault_remove_random,fault,0.7459,0.0,23788.2956,True,True,True,True
129,fault_change_target_qubit,fault,0.0075,0.8504,3.3545,False,False,False,True
130,identity,valid,0.0,1.0,0.0,False,False,False,False
130,barrier,valid,0.0,1.0,0.0,False,False,False,False
130,commute,valid,0.0,1.0,0.0,False,False,False,False
130,fault_add_x,fault,1.0,0.0,39996.0001,True,True,True,True
130,fault_remove_random,fault,1.0,0.0,39996.0001,True,True,True,True
130,fault_change_target_qubit,fault,1.0,0.0,39996.0001,True,True,True,True
131,identity,valid,0.0115,0.0214,5.29,False,False,False,False
131,barrier,valid,0.0065,0.1936,1.6901,False,False,False,False
131,commute,valid,0.0037,0.4654,0.5329,False,False,False,False
131,fault_add_x,fault,1.0,0.0,40000.0,True,True,True,True
131,fault_remove_random,fault,0.5064,0.0,13559.186,True,True,True,True
131,fault_change_target_qubit,fault,0.0043,0.3953,0.7226,False,False,False,True
132,identity,valid,0.0004,0.9442,0.0049,False,False,False,False
132,barrier,valid,0.0007,0.8966,0.0169,False,False,False,False
132,commute,valid,0.004,0.4295,0.6241,False,False,False,False
132,fault_add_x,fault,0.0049,0.3271,0.9604,False,False,False,True
132,fault_remove_random,fault,0.4995,0.0,19902.3184,True,True,True,True
132,fault_change_target_qubit,fault,0.4996,0.0,19899.3427,True,True,True,True
133,identity,valid,0.0,1.0,0.0,False,False,False,False
133,barrier,valid,0.0,1.0,0.0,False,False,False,False
133,commute,valid,0.0,1.0,0.0,False,False,False,False
133,fault_add_x,fault,1.0,0.0,39996.0001,True,True,True,True
133,fault_remove_random,fault,0.0,1.0,0.0,False,False,False,True
133,fault_change_target_qubit,fault,0.7517,0.0,24089.7256,True,True,True,True
134,identity,valid,0.0117,0.0584,7.4677,False,False,False,False
134,barrier,valid,0.0048,0.8198,0.9234,False,False,False,False
134,commute,valid,0.0119,0.044,8.1014,False,False,False,False
134,fault_add_x,fault,0.0101,0.1059,6.1212,False,False,False,True
134,fault_remove_random,fault,1.0,0.0,40000.0,True,True,True,True
134,fault_change_target_qubit,fault,0.5068,0.0,20141.958,True,True,True,True
135,identity,valid,0.0,1.0,0.0,False,False,False,False
135,barrier,valid,0.0,1.0,0.0,False,False,False,False
135,commute,valid,0.0,1.0,0.0,False,False,False,False
135,fault_add_x,fault,1.0,0.0,39996.0001,True,True,True,True
135,fault_remove_random,fault,1.0,0.0,40000.0,True,True,True,True
135,fault_change_target_qubit,fault,0.7453,0.0,23762.8024,True,True,True,True
136,identity,valid,0.0,1.0,0.0,False,False,False,False
136,barrier,valid,0.0,1.0,0.0,False,False,False,False
136,commute,valid,0.0,1.0,0.0,False,False,False,False
136,fault_add_x,fault,1.0,0.0,39996.0001,True,True,True,True
136,fault_remove_random,fault,1.0,0.0,39996.0001,True,True,True,True
136,fault_change_target_qubit,fault,1.0,0.0,39996.0001,True,True,True,True
137,identity,valid,0.0048,0.8066,0.9777,False,False,False,False
137,barrier,valid,0.0112,0.1396,5.4843,False,False,False,False
137,commute,valid,0.0033,0.9011,0.5797,False,False,False,False
137,fault_add_x,fault,1.0,0.0,40000.0,True,True,True,True
137,fault_remove_random,fault,0.5026,0.0,13425.8228,True,True,True,True
137,fault_change_target_qubit,fault,0.5026,0.0,19979.9807,True,True,True,True
138,identity,valid,0.0032,0.5287,0.3969,False,False,False,False
138,barrier,valid,0.0041,0.4179,0.6561,False,False,False,False
138,commute,valid,0.0048,0.337,0.9217,False,False,False,False
138,fault_add_x,fault,1.0,0.0,40000.0,True,True,True,True
138,fault_remove_random,fault,1.0,0.0,40000.0,True,True,True,True
138,fault_change_target_qubit,fault,1.0,0.0,40000.0,True,True,True,True
139,identity,valid,0.0,1.0,0.0,False,False,False,False
139,barrier,valid,0.0,1.0,0.0,False,False,False,False
139,commute,valid,0.0,1.0,0.0,False,False,False,False
139,fault_add_x,fault,1.0,0.0,39996.0001,True,True,True,True
139,fault_remove_random,fault,1.0,0.0,39996.0001,True,True,True,True
139,fault_change_target_qubit,fault,1.0,0.0,39996.0001,True,True,True,True
140,identity,valid,0.0077,0.126,2.341,False,False,False,False
140,barrier,valid,0.0037,0.4593,0.5476,False,False,False,False
140,commute,valid,0.0075,0.1389,2.1905,False,False,False,False
140,fault_add_x,fault,1.0,0.0,40000.0,True,True,True,True
140,fault_remove_random,fault,0.4996,0.0,13319.2751,True,True,True,True
140,fault_change_target_qubit,fault,0.7492,0.0,23962.0036,True,True,True,True
141,identity,valid,0.0011,0.8259,0.0484,False,False,False,False
141,barrier,valid,0.0001,0.984,0.0004,False,False,False,False
141,commute,valid,0.0024,0.6312,0.2304,False,False,False,False
141,fault_add_x,fault,1.0,0.0,40000.0,True,True,True,True
141,fault_remove_random,fault,1.0,0.0,40000.0,True,True,True,True
141,fault_change_target_qubit,fault,0.5047,0.0,20072.6521,True,True,True,True
142,identity,valid,0.0,1.0,0.0,False,False,False,False
142,barrier,valid,0.0,1.0,0.0,False,False,False,False
142,commute,valid,0.0,1.0,0.0,False,False,False,False
142,fault_add_x,fault,1.0,0.0,39996.0001,True,True,True,True
142,fault_remove_random,fault,1.0,0.0,39996.0001,True,True,True,True
142,fault_change_target_qubit,fault,0.7522,0.0,24110.2697,True,True,True,True
143,identity,valid,0.0145,0.0089,11.5978,False,True,True,False
143,barrier,valid,0.011,0.1366,5.5339,False,False,False,False
143,commute,valid,0.0057,0.6028,1.8562,False,False,False,False
143,fault_add_x,fault,1.0,0.0,40000.0,True,True,True,True
143,fault_remove_random,fault,1.0,0.0,40000.0,True,True,True,True
143,fault_change_target_qubit,fault,0.5053,0.0,20009.4384,True,True,True,True
144,identity,valid,0.0,1.0,0.0,False,False,False,False
144,barrier,valid,0.0,1.0,0.0,False,False,False,False
144,commute,valid,0.0,1.0,0.0,False,False,False,False
144,fault_add_x,fault,1.0,0.0,39996.0001,True,True,True,True
144,fault_remove_random,fault,0.0,1.0,0.0,False,False,False,True
144,fault_change_target_qubit,fault,0.0,1.0,0.0,False,False,False,True
145,identity,valid,0.0053,0.2891,1.1237,False,False,False,False
145,barrier,valid,0.0004,0.9442,0.0049,False,False,False,False
145,commute,valid,0.008,0.1118,2.5281,False,False,False,False
145,fault_add_x,fault,1.0,0.0,40000.0,True,True,True,True
145,fault_remove_random,fault,0.5061,0.0,20028.3358,True,True,True,True
145,fault_change_target_qubit,fault,1.0,0.0,40000.0,True,True,True,True
146,identity,valid,0.0,1.0,0.0,False,False,False,False
146,barrier,valid,0.0,1.0,0.0,False,False,False,False
146,commute,valid,0.0,1.0,0.0,False,False,False,False
146,fault_add_x,fault,1.0,0.0,39996.0001,True,True,True,True
146,fault_remove_random,fault,0.0,1.0,0.0,False,False,False,True
146,fault_change_target_qubit,fault,1.0,0.0,39996.0001,True,True,True,True
147,identity,valid,0.0111,0.0271,4.8843,False,False,False,False
147,barrier,valid,0.0017,0.749,0.1024,False,False,False,False
147,commute,valid,0.0028,0.5755,0.3136,False,False,False,False
147,fault_add_x,fault,1.0,0.0,40000.0,True,True,True,True
147,fault_remove_random,fault,0.4973,0.0,13234.8441,True,True,True,True
147,fault_change_target_qubit,fault,0.5003,0.0,19951.1736,True,True,True,True
148,identity,valid,0.0018,0.7263,0.1225,False,False,False,False
148,barrier,valid,0.006,0.238,1.3925,False,False,False,False
148,commute,valid,0.0035,0.4902,0.4761,False,False,False,False
148,fault_add_x,fault,1.0,0.0,40000.0,True,True,True,True
148,fault_remove_random,fault,1.0,0.0,40000.0,True,True,True,True
148,fault_change_target_qubit,fault,0.5,0.0,19972.0391,True,True,True,True
149,identity,valid,0.0,1.0,0.0,False,False,False,False
149,barrier,valid,0.0,1.0,0.0,False,False,False,False
149,commute,valid,0.0,1.0,0.0,False,False,False,False
149,fault_add_x,fault,1.0,0.0,39996.0001,True,True,True,True
149,fault_remove_random,fault,1.0,0.0,39996.0001,True,True,True,True
149,fault_change_target_qubit,fault,1.0,0.0,39996.0001,True,True,True,True
150,identity,valid,0.0062,0.2187,1.5129,False,False,False,False
150,barrier,valid,0.0037,0.4654,0.5329,False,False,False,False
150,commute,valid,0.0008,0.8887,0.0196,False,False,False,False
150,fault_add_x,fault,1.0,0.0,40000.0,True,True,True,True
150,fault_remove_random,fault,1.0,0.0,40000.0,True,True,True,True
150,fault_change_target_qubit,fault,0.4988,0.0,19850.5163,True,True,True,True
151,identity,valid,0.0051,0.3125,1.0201,False,False,False,False
151,barrier,valid,0.0004,0.9442,0.0049,False,False,False,False
151,commute,valid,0.0062,0.2187,1.5129,False,False,False,False
151,fault_add_x,fault,1.0,0.0,40000.0,True,True,True,True
151,fault_remove_random,fault,1.0,0.0,40000.0,True,True,True,True
151,fault_change_target_qubit,fault,1.0,0.0,40000.0,True,True,True,True
152,identity,valid,0.0,1.0,0.0,False,False,False,False
152,barrier,valid,0.0,1.0,0.0,False,False,False,False
152,commute,valid,0.0,1.0,0.0,False,False,False,False
152,fault_add_x,fault,1.0,0.0,39996.0001,True,True,True,True
152,fault_remove_random,fault,0.0,1.0,0.0,False,False,False,True
152,fault_change_target_qubit,fault,0.0,1.0,0.0,False,False,False,True
153,identity,valid,0.0073,0.1499,2.0736,False,False,False,False
153,barrier,valid,0.0029,0.5619,0.3364,False,False,False,False
153,commute,valid,0.0047,0.3524,0.8649,False,False,False,False
153,fault_add_x,fault,0.0058,0.246,1.3456,False,False,False,True
153,fault_remove_random,fault,0.5039,0.0,20131.0266,True,True,True,True
153,fault_change_target_qubit,fault,0.5027,0.0,20002.5619,True,True,True,True
154,identity,valid,0.0083,0.8315,3.5349,False,False,False,False
154,barrier,valid,0.008,0.7677,4.1044,False,False,False,False
154,commute,valid,0.0093,0.4533,6.7689,False,False,False,False
154,fault_add_x,fault,0.0088,0.5293,6.0897,False,False,False,True
154,fault_remove_random,fault,0.5077,0.0,19983.7865,True,True,True,True
154,fault_change_target_qubit,fault,0.5039,0.0,19939.7315,True,True,True,True
155,identity,valid,0.0,1.0,0.0,False,False,False,False
155,barrier,valid,0.0,1.0,0.0,False,False,False,False
155,commute,valid,0.0,1.0,0.0,False,False,False,False
155,fault_add_x,fault,1.0,0.0,39996.0001,True,True,True,True
155,fault_remove_random,fault,0.0,1.0,0.0,False,False,False,True
155,fault_change_target_qubit,fault,1.0,0.0,39996.0001,True,True,True,True
156,identity,valid,0.0069,0.4544,2.6177,False,False,False,False
156,barrier,valid,0.0108,0.1487,5.3369,False,False,False,False
156,commute,valid,0.0036,0.857,0.7686,False,False,False,False
156,fault_add_x,fault,1.0,0.0,40000.0,True,True,True,True
156,fault_remove_random,fault,1.0,0.0,40000.0,True,True,True,True
156,fault_change_target_qubit,fault,0.5009,0.0,19938.6953,True,True,True,True
157,identity,valid,0.0065,0.1936,1.6901,False,False,False,False
157,barrier,valid,0.0022,0.6672,0.1849,False,False,False,False
157,commute,valid,0.0003,0.9522,0.0036,False,False,False,False
157,fault_add_x,fault,1.0,0.0,40000.0,True,True,True,True
157,fault_remove_random,fault,0.4998,0.0,13323.557,True,True,True,True
157,fault_change_target_qubit,fault,0.0003,0.9601,0.0025,False,False,False,True
158,identity,valid,0.008,0.3432,3.3323,False,False,False,False
158,barrier,valid,0.0076,0.4765,2.4931,False,False,False,False
158,commute,valid,0.005,0.7431,1.2414,False,False,False,False
158,fault_add_x,fault,0.0069,0.4393,2.7054,False,False,False,True
158,fault_remove_random,fault,1.0,0.0,40000.0,True,True,True,True
158,fault_change_target_qubit,fault,1.0,0.0,40000.0,True,True,True,True
159,identity,valid,0.011,0.1551,5.239,False,False,False,False
159,barrier,valid,0.0061,0.5262,2.2292,False,False,False,False
159,commute,valid,0.0073,0.4031,2.9268,False,False,False,False
159,fault_add_x,fault,1.0,0.0,40000.0,True,True,True,True
159,fault_remove_random,fault,0.5027,0.0,13434.8253,True,True,True,True
159,fault_change_target_qubit,fault,1.0,0.0,40000.0,True,True,True,True
160,identity,valid,0.0004,0.9522,0.0036,False,False,False,False
160,barrier,valid,0.0038,0.4533,0.5625,False,False,False,False
160,commute,valid,0.0073,0.147,2.1027,False,False,False,False
160,fault_add_x,fault,0.0038,0.4473,0.5776,False,False,False,True
160,fault_remove_random,fault,1.0,0.0,40000.0,True,True,True,True
160,fault_change_target_qubit,fault,1.0,0.0,40000.0,True,True,True,True
161,identity,valid,0.0057,0.2585,1.2769,False,False,False,False
161,barrier,valid,0.0097,0.0549,3.6864,False,False,False,False
161,commute,valid,0.0032,0.5287,0.3969,False,False,False,False
161,fault_add_x,fault,1.0,0.0,40000.0,True,True,True,True
161,fault_remove_random,fault,0.0017,0.749,0.1024,False,False,False,True
161,fault_change_target_qubit,fault,0.5042,0.0,19987.6916,True,True,True,True
162,identity,valid,0.0019,0.7114,0.1369,False,False,False,False
162,barrier,valid,0.0026,0.6031,0.2704,False,False,False,False
162,commute,valid,0.001,0.8572,0.0324,False,False,False,False
162,fault_add_x,fault,0.0021,0.6818,0.1681,False,False,False,True
162,fault_remove_random,fault,1.0,0.0,40000.0,True,True,True,True
162,fault_change_target_qubit,fault,1.0,0.0,40000.0,True,True,True,True
163,identity,valid,0.0003,0.9681,0.0016,False,False,False,False
163,barrier,valid,0.0045,0.3735,0.7921,False,False,False,False
163,commute,valid,0.0057,0.2585,1.2769,False,False,False,False
163,fault_add_x,fault,1.0,0.0,40000.0,True,True,True,True
163,fault_remove_random,fault,0.4984,0.0,13273.8414,True,True,True,True
163,fault_change_target_qubit,fault,1.0,0.0,40000.0,True,True,True,True
164,identity,valid,0.0143,0.0684,13.1555,False,False,False,False
164,barrier,valid,0.0132,0.2922,8.4794,False,False,False,False
164,commute,valid,0.0083,0.7814,3.9861,False,False,False,False
164,fault_add_x,fault,0.0078,0.6672,4.9406,False,False,False,True
164,fault_remove_random,fault,0.7533,0.0,24168.3813,True,True,True,True
164,fault_change_target_qubit,fault,0.7533,0.0,24169.2203,True,True,True,True
165,identity,valid,0.0024,0.6312,0.2304,False,False,False,False
165,barrier,valid,0.0031,0.5353,0.3844,False,False,False,False
165,commute,valid,0.0031,0.5353,0.3844,False,False,False,False
165,fault_add_x,fault,0.0014,0.7795,0.0784,False,False,False,True
165,fault_remove_random,fault,0.5014,0.0,13380.4886,True,True,True,True
165,fault_change_target_qubit,fault,1.0,0.0,40000.0,True,True,True,True
166,identity,valid,0.0049,0.332,0.9409,False,False,False,False
166,barrier,valid,0.0001,1.0,0.0,False,False,False,False
166,commute,valid,0.0046,0.3628,0.8281,False,False,False,False
166,fault_add_x,fault,1.0,0.0,40000.0,True,True,True,True
166,fault_remove_random,fault,1.0,0.0,40000.0,True,True,True,True
166,fault_change_target_qubit,fault,1.0,0.0,40000.0,True,True,True,True
167,identity,valid,0.0069,0.5463,2.128,False,False,False,False
167,barrier,valid,0.0071,0.3882,3.0224,False,False,False,False
167,commute,valid,0.005,0.6818,1.502,False,False,False,False
167,fault_add_x,fault,0.0032,0.8539,0.7815,False,False,False,True
167,fault_remove_random,fault,0.0046,0.7409,1.2507,False,False,False,True
167,fault_change_target_qubit,fault,1.0,0.0,40000.0,True,True,True,True
168,identity,valid,0.0074,0.1389,2.1905,False,False,False,False
168,barrier,valid,0.0017,0.7414,0.1089,False,False,False,False
168,commute,valid,0.0048,0.3421,0.9025,False,False,False,False
168,fault_add_x,fault,1.0,0.0,40000.0,True,True,True,True
168,fault_remove_random,fault,0.0006,0.9045,0.0144,False,False,False,True
168,fault_change_target_qubit,fault,0.0003,0.9681,0.0016,False,False,False,True
169,identity,valid,0.0022,0.6672,0.1849,False,False,False,False
169,barrier,valid,0.01,0.0477,3.9206,False,False,False,False
169,commute,valid,0.0077,0.126,2.341,False,False,False,False
169,fault_add_x,fault,1.0,0.0,40000.0,True,True,True,True
169,fault_remove_random,fault,0.499,0.0,13293.3614,True,True,True,True
169,fault_change_target_qubit,fault,0.5037,0.0,20054.462,True,True,True,True
170,identity,valid,0.0,1.0,0.0,False,False,False,False
170,barrier,valid,0.0,1.0,0.0,False,False,False,False
170,commute,valid,0.0,1.0,0.0,False,False,False,False
170,fault_add_x,fault,1.0,0.0,39996.0001,True,True,True,True
170,fault_remove_random,fault,1.0,0.0,39996.0001,True,True,True,True
170,fault_change_target_qubit,fault,1.0,0.0,39996.0001,True,True,True,True
171,identity,valid,0.011,0.0758,6.8804,False,False,False,False
171,barrier,valid,0.0092,0.2439,4.1679,False,False,False,False
171,commute,valid,0.0063,0.5038,2.346,False,False,False,False
171,fault_add_x,fault,0.0066,0.431,2.7549,False,False,False,True
171,fault_remove_random,fault,0.7461,0.0,23800.9411,True,True,True,True
171,fault_change_target_qubit,fault,0.7461,0.0,23800.9411,True,True,True,True
172,identity,valid,0.0027,0.5892,0.2916,False,False,False,False
172,barrier,valid,0.0009,0.8729,0.0256,False,False,False,False
172,commute,valid,0.0055,0.2713,1.21,False,False,False,False
172,fault_add_x,fault,1.0,0.0,40000.0,True,True,True,True
172,fault_remove_random,fault,1.0,0.0,40000.0,True,True,True,True
172,fault_change_target_qubit,fault,1.0,0.0,40000.0,True,True,True,True
173,identity,valid,0.0,1.0,0.0,False,False,False,False
173,barrier,valid,0.0,1.0,0.0,False,False,False,False
173,commute,valid,0.0,1.0,0.0,False,False,False,False
173,fault_add_x,fault,1.0,0.0,39996.0001,True,True,True,True
173,fault_remove_random,fault,1.0,0.0,39996.0001,True,True,True,True
173,fault_change_target_qubit,fault,1.0,0.0,39996.0001,True,True,True,True
174,identity,valid,0.0038,0.8144,0.9457,False,False,False,False
174,barrier,valid,0.0107,0.0928,6.4208,False,False,False,False
174,commute,valid,0.0079,0.4477,2.6565,False,False,False,False
174,fault_add_x,fault,1.0,0.0,40000.0,True,True,True,True
174,fault_remove_random,fault,0.4973,0.0,13236.5264,True,True,True,True
174,fault_change_target_qubit,fault,0.5022,0.0,19894.984,True,True,True,True
175,identity,valid,0.0,1.0,0.0,False,False,False,False
175,barrier,valid,0.0,1.0,0.0,False,False,False,False
175,commute,valid,0.0,1.0,0.0,False,False,False,False
175,fault_add_x,fault,1.0,0.0,39996.0001,True,True,True,True
175,fault_remove_random,fault,0.0,1.0,0.0,False,False,False,True
175,fault_change_target_qubit,fault,0.0,1.0,0.0,False,False,False,True
176,identity,valid,0.0148,0.0033,8.6437,False,True,True,False
176,barrier,valid,0.0102,0.0423,4.1212,False,False,False,False
176,commute,valid,0.0071,0.1585,1.9883,False,False,False,False
176,fault_add_x,fault,1.0,0.0,40000.0,True,True,True,True
176,fault_remove_random,fault,1.0,0.0,40000.0,True,True,True,True
176,fault_change_target_qubit,fault,1.0,0.0,40000.0,True,True,True,True
177,identity,valid,0.0054,0.5587,2.0665,False,False,False,False
177,barrier,valid,0.0044,0.7804,1.0863,False,False,False,False
177,commute,valid,0.0062,0.5567,2.0763,False,False,False,False
177,fault_add_x,fault,1.0,0.0,40000.0,True,True,True,True
177,fault_remove_random,fault,0.503,0.0,13440.4695,True,True,True,True
177,fault_change_target_qubit,fault,0.5041,0.0,20035.8376,True,True,True,True
178,identity,valid,0.0036,0.4715,0.5184,False,False,False,False
178,barrier,valid,0.0035,0.4902,0.4761,False,False,False,False
178,commute,valid,0.0001,0.992,0.0001,False,False,False,False
178,fault_add_x,fault,0.0068,0.1738,1.8496,False,False,False,True
178,fault_remove_random,fault,0.4969,0.0,13218.9071,True,True,True,True
178,fault_change_target_qubit,fault,0.4969,0.0,19858.0127,True,True,True,True
179,identity,valid,0.0072,0.1527,2.0449,False,False,False,False
179,barrier,valid,0.002,0.6891,0.16,False,False,False,False
179,commute,valid,0.0094,0.0615,3.4969,False,False,False,False
179,fault_add_x,fault,1.0,0.0,40000.0,True,True,True,True
179,fault_remove_random,fault,1.0,0.0,40000.0,True,True,True,True
179,fault_change_target_qubit,fault,1.0,0.0,40000.0,True,True,True,True
180,identity,valid,0.0076,0.1285,2.3105,False,False,False,False
180,barrier,valid,0.0021,0.6818,0.1681,False,False,False,False
180,commute,valid,0.0036,0.4777,0.5041,False,False,False,False
180,fault_add_x,fault,1.0,0.0,40000.0,True,True,True,True
180,fault_remove_random,fault,1.0,0.0,40000.0,True,True,True,True
180,fault_change_target_qubit,fault,0.5034,0.0,20045.4334,True,True,True,True
181,identity,valid,0.0053,0.2937,1.1025,False,False,False,False
181,barrier,valid,0.0025,0.6171,0.25,False,False,False,False
181,commute,valid,0.005,0.3271,0.9604,False,False,False,False
181,fault_add_x,fault,1.0,0.0,40000.0,True,True,True,True
181,fault_remove_random,fault,0.5015,0.0,13385.8322,True,True,True,True
181,fault_change_target_qubit,fault,0.5015,0.0,19930.8682,True,True,True,True
182,identity,valid,0.0103,0.0413,4.1617,False,False,False,False
182,barrier,valid,0.0018,0.7339,0.1156,False,False,False,False
182,commute,valid,0.0043,0.3953,0.7225,False,False,False,False
182,fault_add_x,fault,1.0,0.0,40000.0,True,True,True,True
182,fault_remove_random,fault,1.0,0.0,40000.0,True,True,True,True
182,fault_change_target_qubit,fault,0.0022,0.6745,0.1764,False,False,False,True
183,identity,valid,0.0056,0.267,1.2321,False,False,False,False
183,barrier,valid,0.0028,0.5823,0.3025,False,False,False,False
183,commute,valid,0.0002,0.9681,0.0016,False,False,False,False
183,fault_add_x,fault,1.0,0.0,40000.0,True,True,True,True
183,fault_remove_random,fault,0.4988,0.0,13288.0364,True,True,True,True
183,fault_change_target_qubit,fault,1.0,0.0,40000.0,True,True,True,True
184,identity,valid,0.0079,0.4467,2.6622,False,False,False,False
184,barrier,valid,0.0061,0.6846,1.49,False,False,False,False
184,commute,valid,0.006,0.6094,1.8254,False,False,False,False
184,fault_add_x,fault,0.0063,0.5399,2.1599,False,False,False,True
184,fault_remove_random,fault,0.4923,0.0,13062.345,True,True,True,True
184,fault_change_target_qubit,fault,0.5042,0.0,20034.9096,True,True,True,True
185,identity,valid,0.0111,0.0873,6.5618,False,False,False,False
185,barrier,valid,0.0083,0.2899,3.7491,False,False,False,False
185,commute,valid,0.0099,0.1655,5.0879,False,False,False,False
185,fault_add_x,fault,1.0,0.0,40000.0,True,True,True,True
185,fault_remove_random,fault,0.502,0.0,13405.6564,True,True,True,True
185,fault_change_target_qubit,fault,1.0,0.0,40000.0,True,True,True,True
186,identity,valid,0.006,0.5483,2.1178,False,False,False,False
186,barrier,valid,0.0062,0.5167,2.2782,False,False,False,False
186,commute,valid,0.0048,0.7936,1.0318,False,False,False,False
186,fault_add_x,fault,1.0,0.0,40000.0,True,True,True,True
186,fault_remove_random,fault,0.5014,0.0,13387.2576,True,True,True,True
186,fault_change_target_qubit,fault,1.0,0.0,40000.0,True,True,True,True
187,identity,valid,0.0,1.0,0.0,False,False,False,False
187,barrier,valid,0.0036,0.4839,0.49,False,False,False,False
187,commute,valid,0.0033,0.5093,0.4356,False,False,False,False
187,fault_add_x,fault,1.0,0.0,40000.0,True,True,True,True
187,fault_remove_random,fault,0.5001,0.0,13336.0004,True,True,True,True
187,fault_change_target_qubit,fault,0.5001,0.0,19947.1736,True,True,True,True
188,identity,valid,0.0,1.0,0.0,False,False,False,False
188,barrier,valid,0.0,1.0,0.0,False,False,False,False
188,commute,valid,0.0,1.0,0.0,False,False,False,False
188,fault_add_x,fault,1.0,0.0,39996.0001,True,True,True,True
188,fault_remove_random,fault,0.0,1.0,0.0,False,False,False,True
188,fault_change_target_qubit,fault,1.0,0.0,39996.0001,True,True,True,True
189,identity,valid,0.0057,0.2543,1.2996,False,False,False,False
189,barrier,valid,0.0064,0.2041,1.6129,False,False,False,False
189,commute,valid,0.0003,0.9681,0.0016,False,False,False,False
189,fault_add_x,fault,0.0023,0.6455,0.2116,False,False,False,True
189,fault_remove_random,fault,0.005,0.3222,0.9801,False,False,False,True
189,fault_change_target_qubit,fault,0.5037,0.0,20007.9944,True,True,True,True
190,identity,valid,0.0,1.0,0.0,False,False,False,False
190,barrier,valid,0.0,1.0,0.0,False,False,False,False
190,commute,valid,0.0,1.0,0.0,False,False,False,False
190,fault_add_x,fault,1.0,0.0,39996.0001,True,True,True,True
190,fault_remove_random,fault,1.0,0.0,39996.0001,True,True,True,True
190,fault_change_target_qubit,fault,0.0,1.0,0.0,False,False,False,True
191,identity,valid,0.0019,0.7039,0.1444,False,False,False,False
191,barrier,valid,0.0017,0.7414,0.1089,False,False,False,False
191,commute,valid,0.0015,0.7718,0.0841,False,False,False,False
191,fault_add_x,fault,0.0004,0.9522,0.0036,False,False,False,True
191,fault_remove_random,fault,0.5007,0.0,13355.5661,True,True,True,True
191,fault_change_target_qubit,fault,0.5007,0.0,19963.2109,True,True,True,True
192,identity,valid,0.0,1.0,0.0,False,False,False,False
192,barrier,valid,0.0,1.0,0.0,False,False,False,False
192,commute,valid,0.0,1.0,0.0,False,False,False,False
192,fault_add_x,fault,1.0,0.0,39996.0001,True,True,True,True
192,fault_remove_random,fault,0.0,1.0,0.0,False,False,False,True
192,fault_change_target_qubit,fault,0.0,1.0,0.0,False,False,False,True
193,identity,valid,0.0,1.0,0.0,False,False,False,False
193,barrier,valid,0.0,1.0,0.0,False,False,False,False
193,commute,valid,0.0,1.0,0.0,False,False,False,False
193,fault_add_x,fault,1.0,0.0,39996.0001,True,True,True,True
193,fault_remove_random,fault,0.0,1.0,0.0,False,False,False,True
193,fault_change_target_qubit,fault,0.0,1.0,0.0,False,False,False,True
194,identity,valid,0.008,0.1118,2.5282,False,False,False,False
194,barrier,valid,0.0057,0.2585,1.277,False,False,False,False
194,commute,valid,0.0067,0.1802,1.7957,False,False,False,False
194,fault_add_x,fault,1.0,0.0,40000.0,True,True,True,True
194,fault_remove_random,fault,0.0093,0.0643,3.4225,False,False,False,True
194,fault_change_target_qubit,fault,0.5065,0.0,20063.9663,True,True,True,True
195,identity,valid,0.0028,0.5823,0.3025,False,False,False,False
195,barrier,valid,0.0035,0.4839,0.49,False,False,False,False
195,commute,valid,0.0044,0.3843,0.7569,False,False,False,False
195,fault_add_x,fault,1.0,0.0,40000.0,True,True,True,True
195,fault_remove_random,fault,0.5011,0.0,13371.585,True,True,True,True
195,fault_change_target_qubit,fault,0.4989,0.0,19839.656,True,True,True,True
196,identity,valid,0.0113,0.0251,5.0176,False,False,False,False
196,barrier,valid,0.0009,0.865,0.0289,False,False,False,False
196,commute,valid,0.0115,0.0214,5.29,False,False,False,False
196,fault_add_x,fault,1.0,0.0,40000.0,True,True,True,True
196,fault_remove_random,fault,0.5029,0.0,19971.0642,True,True,True,True
196,fault_change_target_qubit,fault,0.4962,0.0,19836.0071,True,True,True,True
197,identity,valid,0.0099,0.0477,3.9207,False,False,False,False
197,barrier,valid,0.0052,0.303,1.0611,False,False,False,False
197,commute,valid,0.0074,0.1415,2.1612,False,False,False,False
197,fault_add_x,fault,1.0,0.0,40000.0,True,True,True,True
197,fault_remove_random,fault,1.0,0.0,40000.0,True,True,True,True
197,fault_change_target_qubit,fault,0.0151,0.0025,9.1205,False,True,True,True
198,identity,valid,0.002,0.6965,0.1521,False,False,False,False
198,barrier,valid,0.001,0.8572,0.0324,False,False,False,False
198,commute,valid,0.0092,0.0672,3.3489,False,False,False,False
198,fault_add_x,fault,1.0,0.0,40000.0,True,True,True,True
198,fault_remove_random,fault,1.0,0.0,40000.0,True,True,True,True
198,fault_change_target_qubit,fault,1.0,0.0,40000.0,True,True,True,True
199,identity,valid,0.0092,0.0672,3.3489,False,False,False,False
199,barrier,valid,0.0065,0.1936,1.6901,False,False,False,False
199,commute,valid,0.0066,0.1902,1.7162,False,False,False,False
199,fault_add_x,fault,1.0,0.0,40000.0,True,True,True,True
199,fault_remove_random,fault,0.0106,0.0349,4.4521,False,False,False,True
199,fault_change_target_qubit,fault,0.0105,0.0357,4.41,False,False,False,True
200,identity,valid,0.0054,0.5878,1.9265,False,False,False,False
200,barrier,valid,0.0083,0.4094,2.887,False,False,False,False
200,commute,valid,0.0145,0.0041,13.2435,False,True,True,False
200,fault_add_x,fault,1.0,0.0,40000.0,True,True,True,True
200,fault_remove_random,fault,0.7487,0.0,23930.9546,True,True,True,True
200,fault_change_target_qubit,fault,0.498,0.0,19886.0577,True,True,True,True
